The Album,BLACKPINK,2020-10-02,Full
BE,BTS,2020-11-20,Full
D-2,Agust D,2020-05-22,Mini
Delight,Baekhyun,2020-05-25,Mini
The Dream Chapter: ETERNITY,TOMORROW X TOGETHER,2020-05-18,Mini
How You Like That,BLACKPINK,2020-06-26,Single
In Life,Stray Kids,2020-09-14,Full
Jopping,SUPERM,2019-10-04,Single
Map of the Soul: 7,BTS,2020-02-21,Full
Monster (EP),Red Velvet - IRENE & SEULGI,2020-07-06,Mini
NCT #127 Neo Zone: The Final Round,NCT 127,2020-05-19,Full
Never Gonna Dance Again: Act 1,Taemin,2020-09-07,Full
Oneiric Diary,IZ*ONE,2020-06-15,Mini
Palette,IU,2017-04-21,Full
Phenomenon,Monsta X,2019-08-21,Full
Pink Tape,f(x),2013-07-29,Full
Reboot,Wonder Girls,2015-08-03,FUll
Red Summer,Red Velvet,2017-07-09,Mini
Reload,NCT Dream,2020-04-29,Mini
Resonance Pt. 1,NCT,2020-10-12,Full
R U Ready?,Lovelyz,2017-02-27,Mini
Semicolon,SEVENTEEN,2020-10-19,Mini
Speak Yourself: Final,Jungkook,2020-08-07,Full
Square One,BLACKPINK,2016-08-08,Single
The Story Begins,TWICE,2015-10-20,Mini
The War: The Power of Music,EXO,2017-09-05,Repackage
Touch Myself,HA:TFELT,2019-04-18,Mini
Two Five,Ailee,2020-10-06,Mini
We Boom,NCT Dream,2019-07-29,Mini
What is Love?,TWICE,2018-04-09,Mini