Prism, SHINee, Onew
Prism, SHINee, Jonghyun
Prism, SHINee, Key
Prism, SHINee, Minho
Prism, SHINee, Taemin
Why So Serious?, SHINee, Onew
Why So Serious?, SHINee, Jonghyun
Why So Serious?, SHINee, Key
Why So Serious?, SHINee, Minho
Why So Serious?, SHINee, Taemin
Replay, SHINee, Onew
Replay, SHINee, Jonghyun
Replay, SHINee, Key
Replay, SHINee, Minho
Replay, SHINee, Taemin
Love Me Like This, NMIXX, Haewon
Love Me Like This, NMIXX, Lily
Love Me Like This, NMIXX, Sullyoon
Love Me Like This, NMIXX, BAE
Love Me Like This, NMIXX, Jiwoo
Love Me Like This, NMIXX, Kyujin
DICE, NMIXX, Haewon
DICE, NMIXX, Lily
DICE, NMIXX, Jinni
DICE, NMIXX, Sullyoon
DICE, NMIXX, BAE
DICE, NMIXX, Jiwoo
DICE, NMIXX, Kyujin
Good Evening, SHINee, Onew
Good Evening, SHINee, Key
Good Evening, SHINee, Minho
Good Evening, SHINee, Taemin
Gasoline, SHINee, Key
Love Killa, MONSTA X, Shownu
Love Killa, MONSTA X, Kihyun
Love Killa, MONSTA X, Minhyuk
Love Killa, MONSTA X, Jooheon
Love Killa, MONSTA X, I.M.
Love Killa, MONSTA X, Hyungwon
Follow, MONSTA X, Shownu
Follow, MONSTA X, Wonho
Follow, MONSTA X, Kihyun
Follow, MONSTA X, Minhyuk
Follow, MONSTA X, Jooheon
Follow, MONSTA X, I.M.
Follow, MONSTA X, Hyungwon
O.O, NMIXX, Haewon
O.O, NMIXX, Lily
O.O, NMIXX, Jinni,
O.O, NMIXX, Sullyoon
O.O, NMIXX, BAE
O.O, NMIXX, Jiwoo,
O.O, NMIXX, Kyujin
Butterfly,LOONA,Kim Lip
Dolphin,OH MY GIRL,YooA
Euphoria,BTS,Jungkook
Fiesta,IZ*ONE,Wonyoung
Hello,Red Velvet,Joy
Jopping,SUPERM,Taemin
Mansae,SEVENTEEN,Mingyu
NCT Dream,NCT Dream,Haechan
Panorama,IZ*ONE,Chaewon
Teenager, GOT7, Yugyeom
Up No More,TWICE,Momo
Very Very Very, I.O.I, Somi
We Ride,Brave Girls,Minyoung
X,Yoon,HA:TFELT
Yes or Yes,TWICE,Dahyun
As If Its Your Last,BLACKPINK,Jennie
Black Mamba,AESPA,Karina
Crown,TOMORROW X TOGETHER,Soobin
Dalla Dalla,ITZY,Chaeryeong
Egoist,LOONA,Olivia Hye
Fire,2NE1,CL
Good Boy, GD X TAEYANG, G-Dragon
Heart Attack, AOA, Seolhyun
I Am the Best, 2NE1, CL
Jekyll, EXO, Baekhyun
Killing Me, iKON, Bobby
Killing Me, iKON, Song
Killing Me, iKON, Junhoe
Killing Me, iKON, Song
Killing Me, iKON, Chan
Killing Me, iKON, Jay
Mafia in the Morning,ITZY,Yuna
Nanana,IZ*ONE,Eunbi
Obsession, EXO, Kai
Peek-A-Boo,Red Velvet,Irene
Red Flavor,Red Velvet,Yeri
Telephone,EXO, Chanyeol
Umpah Umpah,Red Velvet,Wendy
VVS, (G)I-DLE,Yuqi
Wannabe,ITZY,Ryujin
XOXO,EXO,Chen
Yes or Yes,TWICE,Tzuyu
Zimzalabim,Red Velvet,Seulgi
11:11, Taeyeon,Taeyeon
25, BOL4,Ahn Jiyoung
Boss,NCT U,Taeyong
Drunk-Dazed,ENHYPEN,Jungwon
Energetic, Wanna One,Daniel
Fancy,TWICE,Mina
Hellevator,Stray Kids,Changbin
Icy,ITZY,Yuna
Jungle,BVNDIT,Simyeong
Kick Back,WayV,Winwin
Lil Touch,Girls Generation-Oh!GG,Yoona
Moon,BTS,Jin
Not Shy,ITZY,Lia
Oh My God,(G)I-DLE,Soyeon
Psycho,Red Velvet,Irene
Savage, (G)I-DLE, Soyeon
To Be or Not to Be,ONEUS,Ravn
Ugly Dance,BLACKPINK,Lisa
Wee Woo,PRISTIN,Nayoung
X,Monsta X,Joohoney
You Never Walk Alone,BTS,Rap Monster
Zutter,GD&TOP,T.O.P